MySQL Project NCIT Units 114048 & 114049Part  1Last login: Mon Aug 19 07:33:27 on consoleDimphos-MacBook-Pro:~ dimphomashile$ /usr/local/mysql/bin/mysql -uroot -pEnter password: Welcome to the MySQL monitor.  Commands end with ; or \g.Your MySQL connection id is 8Server version: 8.0.17 MySQL Community Server - GPLCopyright (c) 2000, 2019, Oracle and/or its affiliates. All rights reserved.Oracle is a registered trademark of Oracle Corporation and/or itsaffiliates. Other names may be trademarks of their respectiveowners.Type 'help;' or '\h' for help. Type '\c' to clear the current input statement.mysql> SHOW DATABASES    -> \cmysql> SHOW DATABASES;+--------------------+| Database           |+--------------------+| information_schema || mysql              || performance_schema || sys                || umuzi              |+--------------------+5 rows in set (0.06 sec)mysql> USE umuziReading table information for completion of table and column namesYou can turn off this feature to get a quicker startup with -ADatabase changedmysql> SHOW tables;+-----------------+| Tables_in_umuzi |+-----------------+| Customers       || Employees       || Orders          || Payments        || Products        |+-----------------+5 rows in set (0.01 sec)mysql> SHOW * FROM Customers;ERROR 1064 (42000): You have an error in your SQL syntax; check the manual that corresponds to your MySQL server version for the right syntax to use near '* FROM Customers' at line 1mysql> SHOW *    -> FROM Customers;ERROR 1064 (42000): You have an error in your SQL syntax; check the manual that corresponds to your MySQL server version for the right syntax to use near '*FROM Customers' at line 1mysql> SELECT * FROM Customers;+------------+-----------+----------+--------+------------------------+-----------+------------------------+--------------+--------------+| CustomerID | FirstName | LastName | Gender | Address                | Phone     | Email                  | City         | Country      |+------------+-----------+----------+--------+------------------------+-----------+------------------------+--------------+--------------+|          1 | John      | Hibert   | Male   | 284 chaucer st         |  84789657 | john@gmail.com         | Johannesburg | South Africa ||          2 | Thando    | Sithole  | Female | 240 Sect 1             | 794445584 | thando@gmail.com       | Cape Town    | South Africa ||          3 | Leon      | Glen     | Male   | 81 Everton Rd, Gillits | 820832830 | Leon@gmail.com         | Durban       | South Africa ||          4 | Charl     | Muller   | Male   | 290A Dorset Ecke       | 856872553 | Charl.muller@yahoo.com | Berlin       | Germany      |+------------+-----------+----------+--------+------------------------+-----------+------------------------+--------------+--------------+4 rows in set (0.00 sec)mysql> mysql> INSERT INTO Customer(CustomerID, FirstName, LastName, Gender, Address, Phone, Email, City, Country)    -> VALUES('5', 'Julia', 'Stein', 'Female', '2 Wernerring', '8672445058', 'Js234@yahoo.com');ERROR 1064 (42000): You have an error in your SQL syntax; check the manual that corresponds to your MySQL server version for the right syntax to use near '(CustomerID, FirstName, LastName, Gender, Address, Phone, Email, City, Country)' at line 1mysql> mysql> INSERT INTO Customers(Comer(CustomerID, FirstName, LastName, Gender, Address, Phone, Email, City, Country) VALUES('5', 'Julia', 'Stein', 'Female', '2 Wernerring2445058', 'Js234@yahoo.com');mysql> INSERT INTO Customers(CustomerID, FirstName, LastName, Gender, Address, Phone, Email, City, Country) VALUES('5', 'Julia', 'Stein', 'Female', '2 Wernerring', '8672445058', 'Js234@yahoo.com');ERROR 1136 (21S01): Column count doesn't match value count at row 1mysql> INSERT INTO Customers(CustomerID, FirstName, LastName, Gender, Address, Phone, Email, City, Country) VALUES('5', 'Julia', 'Stein', 'Female', '2 Wernerring', '8672445058', 'Js234@yahoo.com', 'Frankfurt', 'Germany');ERROR 1264 (22003): Out of range value for column 'Phone' at row 1mysql> ALTER TABLE Customers MODIFY Phone    -> \cmysql> ALTER TABLE Customers MODIFY Phone    -> \cmysql> ALTER TABLE Customers MODIFY Phone int;Query OK, 0 rows affected (0.19 sec)Records: 0  Duplicates: 0  Warnings: 0mysql> INSERT INTO Customers(CustomerID, FirstName, LastName, Gender, Address, Phone, Email, City, Country) VALUES('5', 'Julia', 'Stein', 'Female', '2 Wernerring', '8672445058', 'Js234@yahoo.com', 'Frankfurt', 'Germany');ERROR 1264 (22003): Out of range value for column 'Phone' at row 1mysql> ALTER TABLE Customers MODIFY Phone varchar;ERROR 1064 (42000): You have an error in your SQL syntax; check the manual that corresponds to your MySQL server version for the right syntax to use near '' at line 1mysql> SHOW Customers;ERROR 1064 (42000): You have an error in your SQL syntax; check the manual that corresponds to your MySQL server version for the right syntax to use near 'Customers' at line 1mysql> SHOW FIELDS FROM Customers;+------------+--------------+------+-----+---------+----------------+| Field      | Type         | Null | Key | Default | Extra          |+------------+--------------+------+-----+---------+----------------+| CustomerID | int(11)      | NO   | PRI | NULL    | auto_increment || FirstName  | varchar(50)  | YES  |     | NULL    |                || LastName   | varchar(50)  | YES  |     | NULL    |                || Gender     | varchar(6)   | YES  |     | NULL    |                || Address    | varchar(200) | YES  |     | NULL    |                || Phone      | int(11)      | YES  |     | NULL    |                || Email      | varchar(100) | YES  |     | NULL    |                || City       | varchar(20)  | YES  |     | NULL    |                || Country    | varchar(50)  | YES  |     | NULL    |                |+------------+--------------+------+-----+---------+----------------+9 rows in set (0.23 sec)mysql> ALTER Customers    -> MODIFY Phone varchar;ERROR 1064 (42000): You have an error in your SQL syntax; check the manual that corresponds to your MySQL server version for the right syntax to use near 'CustomersMODIFY Phone varchar' at line 1mysql> ALTER TABLE Customers    -> ALTER COLUMN Phone varchar;ERROR 1064 (42000): You have an error in your SQL syntax; check the manual that corresponds to your MySQL server version for the right syntax to use near 'varchar' at line 2mysql> ALTER TABLE Customers ALTER COLUMN Phone VARCHAR;ERROR 1064 (42000): You have an error in your SQL syntax; check the manual that corresponds to your MySQL server version for the right syntax to use near 'VARCHAR' at line 1mysql> ALTER TABLE Customers ALTER COLUMN Phone Phone VARCHAR;ERROR 1064 (42000): You have an error in your SQL syntax; check the manual that corresponds to your MySQL server version for the right syntax to use near 'Phone VARCHAR' at line 1mysql> ALTER TABLE Customers ALTER COLUMN Phone VARCHAR(20);ERROR 1064 (42000): You have an error in your SQL syntax; check the manual that corresponds to your MySQL server version for the right syntax to use near 'VARCHAR(20)' at line 1mysql> ALTER TABLE Customers MODIFY Phone VARCHAR(20);Query OK, 4 rows affected (0.43 sec)Records: 4  Duplicates: 0  Warnings: 0mysql> INSERT INTO Customers(CustomerID, FirstName, LastName, Gender, Address, Phone, Email, City, Country) VALUES('5', 'Julia', 'Stein', 'Female', '2 Wernerring', '+448672445058', 'Js234@yahoo.com', 'Frankfurt', 'Germany');Query OK, 1 row affected (0.05 sec)mysql> UPDATE Customers    -> SET Phone = '084789657'    -> WHERE CustomerID = 1;Query OK, 1 row affected (0.05 sec)Rows matched: 1  Changed: 1  Warnings: 0mysql> UPDATE Customers SET Phone = '0794445584' WHERE CustomerID = 2;Query OK, 1 row affected (0.01 sec)Rows matched: 1  Changed: 1  Warnings: 0mysql> UPDATE Customers SET Phone = '0820832830' WHERE CustomerID = 3;Query OK, 1 row affected (0.03 sec)Rows matched: 1  Changed: 1  Warnings: 0mysql> UPDATE Customers SET Phone = '+44856872553' WHERE CustomerID = 4;Query OK, 1 row affected (0.01 sec)Rows matched: 1  Changed: 1  Warnings: 0mysql> SELECT *     -> FROM Customers;+------------+-----------+----------+--------+------------------------+---------------+------------------------+--------------+--------------+| CustomerID | FirstName | LastName | Gender | Address                | Phone         | Email                  | City         | Country      |+------------+-----------+----------+--------+------------------------+---------------+------------------------+--------------+--------------+|          1 | John      | Hibert   | Male   | 284 chaucer st         | 084789657     | john@gmail.com         | Johannesburg | South Africa ||          2 | Thando    | Sithole  | Female | 240 Sect 1             | 0794445584    | thando@gmail.com       | Cape Town    | South Africa ||          3 | Leon      | Glen     | Male   | 81 Everton Rd, Gillits | 0820832830    | Leon@gmail.com         | Durban       | South Africa ||          4 | Charl     | Muller   | Male   | 290A Dorset Ecke       | +44856872553  | Charl.muller@yahoo.com | Berlin       | Germany      ||          5 | Julia     | Stein    | Female | 2 Wernerring           | +448672445058 | Js234@yahoo.com        | Frankfurt    | Germany      |+------------+-----------+----------+--------+------------------------+---------------+------------------------+--------------+--------------+5 rows in set (0.03 sec)mysql> INSERT INTO Employees(EmployeeID, FirstName, LastName, Email, JobTitle) VALUES('1', 'Kani', 'Matthew', 'mat@gmail.com', 'Manager');ERROR 1062 (23000): Duplicate entry '1' for key 'PRIMARY'mysql> SELECT *  FROM Employees;+------------+-----------+----------+----------------+------------+| EmployeeID | FirstName | LastName | Email          | JobTitle   |+------------+-----------+----------+----------------+------------+|          1 | Kani      | Matthew  | mat@gmail.com  | Manager    ||          2 | Lesly     | Cronje   | LesC@gmail.com | Clerk      ||          3 | Gideon    | Maduku   | m@gmail.com    | Accountant |+------------+-----------+----------+----------------+------------+3 rows in set (0.00 sec)mysql> INSERT INTO Orders(OrderID, ProductID, PaymentID, FulfilledByEmployeeID, DateRequired, DateShipped, Status) VALUES('1', '1', '1', '2', '2019-09-05', NULL, 'Not shipped');ERROR 1452 (23000): Cannot add or update a child row: a foreign key constraint fails (`umuzi`.`orders`, CONSTRAINT `orders_ibfk_1` FOREIGN KEY (`ProductID`) REFERENCES `products` (`ProductID`))mysql> INSERT INTO Products(ProductID, ProductName, Description, BuyPrice) VALUES('1','Harley Davidson Chopper', 'This replica features working kickstand, front suspension, gear-shift lever', '150.75');Query OK, 1 row affected, 1 warning (0.16 sec)mysql> INSERT INTO Products(ProductID, ProductName, Description, BuyPrice) VALUES('2','Classic Car', 'Turnable front wheels, steering function', '550.75');Query OK, 1 row affected, 1 warning (0.02 sec)mysql> INSERT INTO Products(ProductID, ProductName, Description, BuyPrice) VALUES(3Sports carTurnable front wheels, steering functionR700.60);ERROR 1064 (42000): You have an error in your SQL syntax; check the manual that corresponds to your MySQL server version for the right syntax to use near 'carTurnable front wheels, steering functionR700.60)' at line 1mysql> INSERT INTO Products(ProductID, ProductName, Description, BuyPrice) VALUES(3Sports carTurnable front wheels, steering functionR700.60)    -> INSERT INTO Products(ProductID, ProductName, Description, BuyPrice) VALUES(3Sports carTurnable front wheels, steering functionR700.60)    -> \cmysql> INSERT INTO Products(ProductID, ProductName, Description, BuyPrice) VALUES('3', 'Sports car', 'Turnable front wheels, steering function', '700.60');Query OK, 1 row affected, 1 warning (0.01 sec)mysql> SELECT *     -> FROM Products;+-----------+-------------------------+-----------------------------------------------------------------------------+----------+| ProductID | ProductName             | Description                                                                 | BuyPrice |+-----------+-------------------------+-----------------------------------------------------------------------------+----------+|         1 | Harley Davidson Chopper | This replica features working kickstand, front suspension, gear-shift lever |      151 ||         2 | Classic Car             | Turnable front wheels, steering function                                    |      551 ||         3 | Sports car              | Turnable front wheels, steering function                                    |      701 |+-----------+-------------------------+-----------------------------------------------------------------------------+----------+3 rows in set (0.04 sec)mysql> INSERT INTO Payments(CustomerID, PaymentID, PaymentDate, Amount) VALUES('1', '1', '2018-09-01', '150.75');Query OK, 1 row affected, 1 warning (0.04 sec)mysql> INSERT INTO Payments(CustomerID, PaymentID, PaymentDate, Amount) VALUES('5', '2', '2018-09-03', '150.75');Query OK, 1 row affected, 1 warning (0.02 sec)mysql> INSERT INTO Payments(CustomerID, PaymentID, PaymentDate, Amount) VALUES('4', '3', '2018-09-03', '700.60');Query OK, 1 row affected, 1 warning (0.01 sec)mysql> INSERT INTO Orders(OrderID, ProductID, PaymentID, FulfilledByEmployeeID, DateRequired, DateShipped, Status) VALUES('1', '1', '1', '2', '2018-09-05', NULL, 'Not shipped');Query OK, 1 row affected (0.05 sec)mysql> INSERT INTO Orders(OrderID, ProductID, PaymentID, FulfilledByEmployeeID, DateRequired, DateShipped, Status) VALUES('2', '1', '2', '2', '2018-09-04', '2018-09-03', 'Shipped');Query OK, 1 row affected (0.00 sec)mysql> INSERT INTO Orders(OrderID, ProductID, PaymentID, FulfilledByEmployeeID, DateRequired, DateShipped, Status) VALUES('3', '3', '3', '3', '2018-09-06', NULL, 'Not shipped');Query OK, 1 row affected (0.01 sec)mysql> SELECT *    -> FROM Customers;+------------+-----------+----------+--------+------------------------+---------------+------------------------+--------------+--------------+| CustomerID | FirstName | LastName | Gender | Address                | Phone         | Email                  | City         | Country      |+------------+-----------+----------+--------+------------------------+---------------+------------------------+--------------+--------------+|          1 | John      | Hibert   | Male   | 284 chaucer st         | 084789657     | john@gmail.com         | Johannesburg | South Africa ||          2 | Thando    | Sithole  | Female | 240 Sect 1             | 0794445584    | thando@gmail.com       | Cape Town    | South Africa ||          3 | Leon      | Glen     | Male   | 81 Everton Rd, Gillits | 0820832830    | Leon@gmail.com         | Durban       | South Africa ||          4 | Charl     | Muller   | Male   | 290A Dorset Ecke       | +44856872553  | Charl.muller@yahoo.com | Berlin       | Germany      ||          5 | Julia     | Stein    | Female | 2 Wernerring           | +448672445058 | Js234@yahoo.com        | Frankfurt    | Germany      |+------------+-----------+----------+--------+------------------------+---------------+------------------------+--------------+--------------+5 rows in set (0.01 sec)mysql> SELECT * FROM Employees;+------------+-----------+----------+----------------+------------+| EmployeeID | FirstName | LastName | Email          | JobTitle   |+------------+-----------+----------+----------------+------------+|          1 | Kani      | Matthew  | mat@gmail.com  | Manager    ||          2 | Lesly     | Cronje   | LesC@gmail.com | Clerk      ||          3 | Gideon    | Maduku   | m@gmail.com    | Accountant |+------------+-----------+----------+----------------+------------+3 rows in set (0.00 sec)mysql> SELECT * FROM Orders;+---------+-----------+-----------+-----------------------+---------------------+---------------------+-------------+| OrderID | ProductID | PaymentID | FulfilledByEmployeeID | DateRequired        | DateShipped         | Status      |+---------+-----------+-----------+-----------------------+---------------------+---------------------+-------------+|       1 |         1 |         1 |                     2 | 2018-09-05 00:00:00 | NULL                | Not shipped ||       2 |         1 |         2 |                     2 | 2018-09-04 00:00:00 | 2018-09-03 00:00:00 | Shipped     ||       3 |         3 |         3 |                     3 | 2018-09-06 00:00:00 | NULL                | Not shipped |+---------+-----------+-----------+-----------------------+---------------------+---------------------+-------------+3 rows in set (0.00 sec)mysql> SELECT * FROM Payments;+------------+-----------+---------------------+--------+| CustomerID | PaymentID | PaymentDate         | Amount |+------------+-----------+---------------------+--------+|          1 |         1 | 2018-09-01 00:00:00 |    151 ||          5 |         2 | 2018-09-03 00:00:00 |    151 ||          4 |         3 | 2018-09-03 00:00:00 |    701 |+------------+-----------+---------------------+--------+3 rows in set (0.00 sec)mysql> SELECT * FROM Products;+-----------+-------------------------+-----------------------------------------------------------------------------+----------+| ProductID | ProductName             | Description                                                                 | BuyPrice |+-----------+-------------------------+-----------------------------------------------------------------------------+----------+|         1 | Harley Davidson Chopper | This replica features working kickstand, front suspension, gear-shift lever |      151 ||         2 | Classic Car             | Turnable front wheels, steering function                                    |      551 ||         3 | Sports car              | Turnable front wheels, steering function                                    |      701 |+-----------+-------------------------+-----------------------------------------------------------------------------+----------+3 rows in set (0.00 sec)mysql> Part 2